"chr","SNP_ID","SNPabspos","ref.element.count","alt.element.count","k562.ref.mean","k562.alt.mean","k562.wilcox.p.value","k562.wilcox.p.value.random","hepg2.ref.mean","hepg2.alt.mean","hepg2.wilcox.p.value","hepg2.wilcox.p.value.random","ref","alt","PO.EN_E118_20_SuRE","PO.EN_E118_50_SuRE","PO.EN_E123_20_SuRE","PO.EN_E123_50_SuRE","PO.EN_E118_19_Mutagenesis","PO.EN_E123_15_Mutagenesis"
"chr1","rs12740374",109817590,0,0,0,0,0,0,0,0,0,0,"G","T",0.895944661153565,0.870322769554626,0.771838106264017,0.688580803778711,0.911874311576576,0.154304518079554
"chr1","rs1277917",109817479,143,21,2.49280503112904,1.55599264958509,0.43263685393465,0.705037806284456,6.21082192409664,15.4965528513052,0.478871025847511,0.507309241422592,"G","C",0.619489707321925,0.566144409269018,0.572964890899704,0.491017244369497,0.632104510154501,0.192864818011689
"chr1","rs17035649",109812606,171,17,0.980596581364102,1.55835243188184,0.0144444819907637,0.422425474400042,1.56901825865495,3.48707107843137,0.787298570461892,0.108362521941878,"A","G",0.303286125183453,0.443796035118805,0.185490123915189,0.114604065425172,0.359484910436035,0.0445089337324356
"chr1","rs654106",109800386,223,61,11.5377077897763,1.27007371939088,7.34046739003964e-12,0.468764849703857,2.24217108980567,2.47803070226963,0.137604354944315,0.653073855321409,"A","T",0.862894092032729,0.84523342026656,0.754631876491294,0.677086442147008,0.905319688767218,0.108676778570904
"chr1","rs2281894",109810544,152,38,1.20738465878785,1.12029035354576,0.473564746697751,0.959279983669788,3.14579887780903,1.11659286587542,0.670578417067971,0.955131659760514,"C","A",0.49627656409804,0.45263661459837,0.879221561025974,0.860526454278531,0.535651709216185,0.0616272499320022
"chr1","rs653635",109806313,194,13,0.660544810672686,0.652930402930403,0.524103174962475,0.789042664575649,1.15791344656727,0.835164835164835,0.524321288764048,0.128641018182362,"T","C",0.0540526021843578,0.0309728849497464,0.164318933504868,0.0945146967272409,0.0275505086448623,0.297957673761454
"chr1","rs657420",109826136,93,94,4.13575857128828,4.38777199547786,0.377271984412059,0.553214139750942,2.17866958375374,6.76777644753884,0.0112375892947485,0.360080379670715,"C","T",0.568238658461477,0.423380436340718,0.852956588831835,0.794430757204825,0.577326996781857,0.0367731836556017
"chr1","rs56197083",109806550,223,21,2.09362315627906,0.757165686038319,0.161960460897807,0.377040922495546,1.61732760994561,3.79675840032983,0.675633047326996,0.518635663662877,"G","A",0.756742983635903,0.553199585644292,0.755118374250764,0.685633948214522,0.624750852139948,0.0448553323671432
"chr1","rs616899",109838833,22,268,0.711427503565109,2.14144383816967,0.231856865529,0.471590022914775,0.938194335784697,0.828676354419771,0.844505142149086,0.717634224125674,"T","C",0.796801917885817,0.496451554618872,0.428828978775383,0.295082355193582,0.598125254084097,0.0823338794672985
"chr1","rs592355",109802395,202,40,0.500017506524944,0.594910124999636,0.689446845512468,0.0434896785948973,0.571722124668055,0.0690909090909091,0.0583764178307239,0.789580889097519,"G","A",0.472481160221159,0.395228236322925,0.561513899632618,0.538283279065462,0.728479340973778,0.120629223352687
"chr1","rs367586",109850122,110,158,1.28019170867773,1.69037840252229,0.29953525618346,0.518952407105305,0.628208925354727,0.70971273944098,0.124154539920323,0.118011975399452,"C","A",0.681552563739254,0.449585237037435,0.500784912777749,0.457334197407399,0.726385303039833,0.229948596051456
"chr1","rs592360",109802400,195,43,0.481243691703142,0.608850082574653,0.711653122769806,0.257841210675793,0.38050521708254,0.324381497943473,0.697379877421751,0.0436301503923179,"C","T",0.223893721478573,0.177432605234093,0.6069804591678,0.570100166028015,0.661949353934286,0.0697986247797606
"chr1","rs633830",109837357,59,407,1.2399088731973,1.09122960604094,0.569118583067609,0.956640963321575,0.609931206224855,0.48112287746394,0.542374628537917,0.973917417559035,"A","G",0.70216684623003,0.435188122086738,0.258885947351329,0.276705965695688,0.728185682936001,0.0556246662329874
"chr1","rs629001",109838918,46,229,1.83611653420411,1.68753642011258,0.431864942350765,0.556272712961648,0.278671774288058,0.908823297228329,0.0878828961161668,0.965999803080666,"C","T",0.0818851552804678,0.0717883618162494,0.090145474138862,0.0615080854006872,0.245958366100483,0.217286266105576
"chr1","rs643457",109825360,23,228,0.374906354195249,0.579224387779842,0.870257470534203,0.0502405803132048,0.802426218511638,0.460785864868881,0.221109349513334,0.20101192966594,"C","T",0.0162765398620315,0.00490180096815187,0.0253611034734226,0.0159566009994344,0.148098989902768,0.031022497284074
"chr1","rs11800211",109824361,189,31,1.18858916517913,0.837841549131872,0.416376873794851,0.38120377715251,1.2505812216185,0.268548387096774,0.696915349540135,0.134346435233045,"A","C",0.319605046555319,0.232099330137394,0.368200335586984,0.364806378361328,0.129951736724548,0.25537585942901
"chr1","rs560334109",109854112,329,24,0.606595876760435,0.891963743421658,0.30255316203059,0.719894690011477,0.272941373767674,0.07421875,0.404519118050544,0.0355636616135224,"C","T",0.563666631721047,0.294642639335687,0.530634527105632,0.505620607712683,0.825376285641405,0.0787075571801504
"chr1","rs14000",109822509,267,14,1.41856398857807,2.36565976858033,0.0772984326360658,0.183783327432792,1.4374377643287,0.889882087681535,0.786898682909873,0.157336583903904,"T","C",0.138222778248081,0.0392565032183531,0.234500943561615,0.198125746902942,0.753180367240434,0.190766589908592
"chr1","rs437444",109795608,23,264,0.809778918154877,0.864809582885507,0.379352445406813,0.455701721404868,0.114518633540373,1.81455834318436,0.0284556144174706,0.272527461288648,"T","C",0.0864207172364464,0.0574467430394211,0.0782984682285099,0.0785935029024952,0.0911360935818707,0.0296936356984276
"chr1","rs11587316",109798062,173,42,2.06556557251578,5.31004378536467,0.37462912147394,0.98022757893016,2.72374927826246,5.82133610354934,0.129125965973087,0.24076319496486,"G","A",0.0102440989315154,0.00316962583538891,0.0133158859520738,0.0118313527364718,0.115042971002179,0.182949486671233
"chr1","rs579947",109783648,137,120,0.604775835981991,1.61786450536916,0.00189117698443869,0.873812344351653,0.496706488746766,1.14925517956934,0.0711954926969379,0.182678311044085,"T","C",0.073289450376343,0.0435415713856583,0.0167509223595081,0.0136082949657452,0.678613734864842,0.127145921172392
"chr1","rs79870677",109806459,236,20,1.41330352760339,0.395400106921191,0.168612192271073,0.587631211103549,1.0243680191384,1.98560671256454,0.828506094338693,0.998141548783841,"C","G",0.139404892704769,0.0800857847383574,0.0513918132452185,0.0218632979336402,0.369775720840241,0.0310901881550964
"chr1","rs116345167",109800544,204,30,5.79621605295118,0.836086757652178,0.0371033730252225,0.353565029504529,1.35849468164441,0.94968253968254,0.914856851343554,0.601572631179735,"A","T",0.0593694961200933,0.0348310061980623,0.102621928177373,0.0911450448432211,0.467825927930137,0.0263458312623678
"chr1","rs10410",109822404,337,24,1.72570391725257,1.81006944444444,0.417026041710887,0.635189657888353,2.73055115926155,2.19494047619048,0.12931123249024,0.713583103553353,"G","A",0.764117950994253,0.546817731734529,0.620075479401643,0.711242667944086,0.38580455880095,0.0541343159986733
"chr1","rs12023150",109825591,127,42,3.33897953487036,2.30095709957593,0.976618134692765,0.188712730671295,3.21120606103951,1.58554905239688,0.564861805513692,0.333405399043398,"C","T",0.0076410564826452,0.00352791389022722,0.143525952449233,0.133189999981755,0.0300691967612625,0.0163535666291768
"chr1","rs4246520",109783570,88,140,1.83165978203926,0.542685358226295,0.00169064608731499,0.711550153484308,0.745354316462686,0.944433789413511,0.032706561492554,0.740855921867953,"T","A",0.223351010426607,0.183551538339504,0.285740462897527,0.312517822713794,0.569119930754326,0.0170871992497058
"chr1","rs41301279",109805929,144,12,0.564893995613887,0.40922619047619,0.420702060651741,0.948480443460414,7.73243072586996,6.90666529755385,0.307197046091706,0.288775635646638,"A","G",0.531176854193461,0.405318860904542,0.420582949335234,0.307757390526291,0.5615968885714,0.0771378370178897
"chr1","rs34293021",109784026,136,106,2.47563559935887,1.18260058554469,0.0268810553321758,0.753587600176089,1.22034009331853,0.683464126251397,0.129129840932014,0.223948750868178,"T","C",0.1575286323304,0.147811720403183,0.184168879635306,0.0826920143221568,0.161891983650367,0.0748007425229667
"chr1","rs6677122",109820110,243,40,6.17986693604368,2.5209013638742,0.177227601749276,0.0259161965250097,7.61273872561686,7.68370052594848,0.960500954125924,0.180415390172951,"C","T",0.501528311536625,0.412735734208405,0.411861128765642,0.385520860681905,0.423762040229872,0.247273081819597
"chr1","rs11102967",109817245,34,170,0.633392311559732,0.505491639481279,0.430464333491546,0.482304346981609,0.193014705882353,1.59607690167311,0.143996024267537,0.340276873855144,"C","T",0.13009656780542,0.140761306996961,0.299192919827609,0.245226262056758,0.271598551972237,0.108586871415428
"chr1","rs611905",109782037,157,62,1.43679605072278,1.31409079512846,0.349348911078502,0.0242443176895624,1.22406434064512,1.20480355871822,0.812537631369801,0.179559130288073,"A","G",0.0351467814728314,0.0339473270402541,0.097836083223702,0.107549083512194,0.123210079253058,0.0805994310083422
"chr1","rs464218",109856306,94,56,0.926592461391662,1.39793724413842,0.657872224406229,0.372018937083581,0.473898028043495,0.609912580254485,0.97396773518368,0.997107019108193,"G","A",0.0422227680502558,0.0287108892882448,0.0661183327364006,0.0680743750257888,0.357637572042567,0.223450266397973
"chr1","rs658092",109778577,60,289,1.30074702482613,0.756418687779197,0.0163813207708338,0.680997504155696,0.270089285714286,0.386430562278462,0.159286788917916,0.0474673865065665,"T","C",0.267799276018475,0.532012927790589,0.589572773612429,0.541360655243396,0.236098254502169,0.234528447833608
"chr1","rs6685415",109805344,153,24,1.30621361929239,0.974162758537759,0.907251464339219,0.487568025572481,1.6433515035909,2.57796160130719,0.738830681235557,0.368021266314666,"G","C",0.624323295813841,0.39219258759849,0.459215151699137,0.402784346812615,0.136521498411605,0.267159499652889
"chr1","rs3768497",109866230,128,183,0.537136341141017,0.628868743281558,0.910484280099253,0.294831101383877,0.20999733113354,0.99904768671876,0.0182940156311341,0.790644261675309,"T","C",0.451154118698674,0.32491457923949,0.397763158474832,0.385874364087283,0.354763384914888,0.111283340496598
"chr1","rs11102964",109783261,165,68,0.715616862478979,1.21843110704984,0.0225769856720736,0.178377739324226,1.10717459462755,0.671042285364536,0.501619464048429,0.380517258876953,"T","C",0.0551493943255332,0.0472261202869821,0.152095030935261,0.117999289507073,0.610219988375319,0.17862423644731
"chr1","rs461200",109855404,24,44,0.274233133834037,2.03439927302212,0.252797569445586,0.632280439042902,0,0.983916219649915,0.0915459089934813,0.809522031746138,"G","A",0.00130384291115586,0.005059120440043,0.00614701590274644,0.00811484999507432,0.0563587071703125,0.0152157562737363
"chr1","rs611945",109782003,148,72,1.38643390756618,0.932967961213575,0.903479547477042,0.00172394692495843,1.21949922396705,1.18436884146867,0.300442376674021,0.827293898923871,"A","G",0.0126745086672749,0.0147402680968602,0.0363895333046318,0.0524847533762788,0.411883646984575,0.0239247728719015
"chr1","rs2282292",109835383,216,47,0.648863302351684,1.47692675323597,1,0.335424285434546,0.513240091307004,0.164331967754724,0.126106691552397,0.910309897877126,"G","C",0.0965866563150561,0.0479206881019672,0.398133729446325,0.390456596735137,0.473458061535691,0.203974780754302
"chr1","rs4246519",109783555,88,136,1.70315796104253,0.624207889833516,0.0220913038932972,0.146971489253773,0.675811787186955,1.04715079902411,0.102278872877096,0.724111719177708,"A","G",0.147620628262817,0.0679530242307998,0.0945534673455789,0.0645597378096188,0.268484818991514,0.10438614398247
"chr1","rs683182",109771063,53,275,1.91071546436423,1.50955244994885,0.199964339578928,0.9832251594035,0.702978521535296,1.06532694547148,0.705780357167224,0.528890071431043,"T","C",0.0504329642359241,0.0451896970150725,0.232613636249822,0.182286320210578,0.546535481693436,0.0736143022440724
"chr1","rs611060",109782190,203,50,2.08820173128027,1.10385549981145,0.286619892250589,0.547761268648068,1.22185324373777,0.903422619047619,0.358102524008085,0.780220061418034,"C","T",0.142801260710738,0.0522497527399876,0.220388167621985,0.189032418586083,0.416497467486614,0.101344607313422
"chr1","rs17036080",109832890,323,25,0.734485396101432,0.561550140928646,0.107147199164004,0.869047866877491,0.839951216510066,0.22,0.373882411683193,0.320500179218514,"C","T",0.658725858282466,0.791532865830807,0.40087278862197,0.195151411112329,0.783446496899797,0.287631432126094
"chr1","rs116619926",109804559,239,35,1.27331202859238,1.05361816081493,0.0176880455652671,0.882726745201934,0.458980459235144,1.81627396413111,0.00318739584902932,0.109281051742686,"G","A",0.0239779148379601,0.0377596386457418,0.021070178633497,0.0296511617485368,0.024160358024404,0.410677343948349
"chr1","rs2281895",109774621,212,78,0.372101001294885,0.431564390051741,0.243664275010039,0.590632709597432,0.862831882190204,0.0130114566284779,0.0335064269849562,0.0728670701088964,"C","A",0.382411026907068,0.280647876673298,0.036456459998593,0.0312722407168845,0.210847403609679,0.0350971093239548
"chr1","rs617224",109820590,20,311,0.216872294372294,0.622754760344296,0.356848169381221,0.0243807211248189,0.049375,0.39285868692119,0.650498287500245,0.0180523219165052,"T","C",0.00598227651347274,0.003973004507781,0.061770271481643,0.0730687001471036,0.0216664434013358,0.0379511535945187
"chr1","rs664428",109791607,10,292,0.777434233298719,0.798692882748483,0.325523455307105,0.0175284832313027,0.178571428571429,0.958437698591107,0.935911606676396,0.28001592943283,"T","C",0.209882863701797,0.129772533515273,0.485233753721499,0.342454300177121,0.445854936659508,0.0590871816698793
"chr1","rs112344399",109804201,156,23,0.420837268478366,0.218225584438261,0.811094683398359,0.878422725186813,0.235988362496262,0.143667296786389,0.64382956290974,0.194436518627361,"T","C",0.0334557138376746,0.0504078185533707,0.028702772121698,0.0499088162322908,0.103858439017722,0.114009871103541
"chr1","rs611917",109815252,177,14,0.879712338829039,2.33084492163666,0.063011806754554,0.311467416099247,0.391099108408012,0.295918367346939,0.785258160415842,0.213695127298119,"A","G",0.0118758477046677,0.0129517520438242,0.0240024439306084,0.0320992697259353,0.0757436464826978,0.0231074569974212
"chr1","rs4970839",109859968,35,283,1.540519084062,0.501179378357184,2.15163580057825e-05,0.105939783471206,0.703640051858641,0.534596013551791,0.513579351808758,0.429477621073996,"C","T",0.210772561916377,0.102288746767208,0.171290084178939,0.166252037059217,0.607501041317456,0.0141624046142425
"chr1","rs454107",109794252,24,256,0.950889850889851,0.881536773936459,0.0501836519446973,0.341026683854959,1.06658346046524,0.426275302952755,0.612113269976608,0.794891257745665,"T","C",0.0490983595520159,0.0186857673826709,0.108620097805806,0.0977991843192407,0.0208686332806606,0.02490847151722
"chr1","rs653138",109800131,208,54,2.2853104729684,0.457831124079451,0.102122869425852,0.95768682718913,2.06644595531973,0.420622895622896,0.0838012755602225,0.827012805937116,"A","G",0.0403063225493287,0.0160244322633608,0.0559852745268163,0.052784555681246,0.215744427910234,0.0872464524169888
"chr1","rs372101320",109796088,136,12,1.0096464271805,0.459992784992785,0.554511839705966,0.568949503492093,4.22717447053575,4.49255952380952,0.788618421554209,0.412297279129707,"C","T",0.0297392876743998,0.0120954838281071,0.0284640529229698,0.0180740092518883,0.0779784298877681,0.0735503189972855
"chr1","rs646335",109836842,67,123,0.762230850010703,2.34751359192759,0.0273141447443733,0.630120901946482,4.59982316449419,4.86352998323541,0.65003060776598,0.095370061424025,"C","G",0.139939621402573,0.0661082639446438,0.457853847205583,0.488954972308164,0.211310472624007,0.0380321782358309
"chr1","rs147884127",109858803,234,78,0.800851114585691,1.40667472882917,0.527464228784383,0.0417759339405199,0.664354691563486,0.330252059445537,0.488953126556841,0.703029961959385,"T","G",0.155058578767459,0.104080624593573,0.26769681992182,0.194538748714056,0.309778260617809,0.0106772378888183
"chr1","rs113954912",109802468,214,24,0.580056888746902,0.370512733755287,0.506262291217628,0.0439939789259822,0.511390372456915,1.26682092125114,0.866706454907009,0.467590923498645,"T","C",0.31914547339412,0.181325630721443,0.545023131604423,0.414856843080714,0.679219453681134,0.14867896223647
"chr1","rs77103391",109845625,295,36,0.691192698980485,1.18295315098779,0.000254100118002053,0.724481764993356,0.439326241871638,0.503472222222222,0.453217412137262,0.109488351561741,"G","A",0.0701470257514046,0.0477300105143554,0.631991235610605,0.508979638152996,0.0930617755809856,0.0132359808032875
"chr1","rs602265",109781581,24,314,0.737261762268375,1.55578867962074,0.128123431390433,0.199572443170774,2.02104469546701,3.02515493118432,0.0664567666602084,0.620705905009244,"A","G",0.0392423673830138,0.0620378153517656,0.063459506144969,0.0451394823227734,0.24841123076264,0.149495516898741
"chr1","rs41309211",109805867,144,16,0.456561057502448,0.737557494588745,0.483913354966197,0.24275213956478,4.16720560862325,4.57430499188312,0.514665360266897,0.457974648707926,"T","C",0.0123934216803979,0.0245529340241504,0.00545765856287964,0.00505186495791491,0.0144956247971933,0.0482524184849161
"chr1","rs565712813",109852800,256,27,0.626264007222733,0.717965944537984,0.129846429117344,0.92328114918005,0.397796786162285,0.0660548941798942,0.706382575057627,0.815322183111491,"C","A",0.0151266305903377,0.0232944183909426,0.033503334918553,0.0379915512878693,0.0842399154182775,0.0573468979166837
"chr1","rs370088",109858119,83,170,0.19066645267805,0.799710186329633,0.00241744904307746,0.0443263256613915,0.447740639047924,0.498993938976125,0.560130786258628,0.694736125789503,"T","C",0.155245299412766,0.14559906090801,0.163808981800499,0.0840719319381854,0.106828573095894,0.415763597211782
"chr1","rs684138",109801121,131,16,0.592466151745215,0.946056547619048,0.499143886914165,0.358866239658184,0.484502731752151,0.832496279761905,0.181139317629119,0.595253582332718,"C","T",0.090645235339955,0.0916123257357607,0.326454626017417,0.334138629711838,0.111227932401916,0.0183295332702356
"chr1","rs585545",109841662,133,190,1.44932238846588,1.27424584021804,0.637475343686666,0.348762803185426,0.566483562703061,1.05139377615027,0.100567410163512,0.945762759087517,"A","T",0.305074892922825,0.381769184042859,0.315502073572572,0.28619367503299,0.543350515073358,0.0868625214821502
"chr1","rs417270",109849144,100,156,0.941365062204654,4.38773386853201,0.000164131381933521,0.28713798734618,0.345275884069043,0.712717248377783,0.0761921802010079,0.337597828682516,"T","C",0.081065911932909,0.0765696940723118,0.535509425916172,0.532963427128859,0.0244988305226088,0.180445340344765
"chr1","rs57318065",109833976,244,26,4.5076033069145,2.31413075917793,0.633977259852503,0.469697166827048,10.6389301607531,3.18813784595035,0.0696625942022339,0.0821007077440588,"A","G",0.543160238736717,0.326748911613802,0.847790159465324,0.748402773464304,0.159740324002165,0.0584326380547034
"chr1","rs17036085",109834039,151,69,3.69806988327948,3.98141686845701,0.0164141845015577,0.757573597219247,7.28558312518189,5.51296284259448,0.942137270852732,0.664983757165935,"A","G",0.0888288891674696,0.0603976293836171,0.27601374579393,0.259420584682089,0.202001846646415,0.0461042591696021
"chr1","rs655334",109800627,201,14,2.81763625800209,0.360600844938194,0.173058484551613,0.684623639541898,4.52661026788414,0.751275510204082,0.620671191814565,0.565479468790888,"A","T",0.0488999432950271,0.0257910167805789,0.0427118768510124,0.0458570368173551,0.0934775554811646,0.0538795224461399
"chr1","rs59817550",109833795,321,34,4.55127657763822,2.2787891497813,0.728937029395814,0.959663317026225,8.5137519131125,2.02118010665805,0.01211299382824,0.388158769121059,"T","C",0.235526482011262,0.103960150050861,0.247270112539795,0.211237925781733,0.129593692284473,0.0859799393997729
"chr1","rs3895559",109813020,66,96,0.955840715271521,0.463790081857758,0.00342741455238215,0.832840504782084,1.71517441848321,1.27251903446453,0.277159450143011,0.484903173254119,"G","A",0.240171417894937,0.198350984958446,0.303821053706143,0.359047270013873,0.118239235173828,0.0362421760551708
"chr1","rs149209646",109791449,155,47,0.661000148918134,1.16825347878672,0.00136752733754302,0.381188599700067,1.21484092306322,0.889816787990993,0.0593999820787807,0.840358768905028,"C","T",0.0518997810231453,0.0926789114858641,0.141142290599703,0.0937378426881097,0.225695327032597,0.307265579756419
"chr1","rs631927",109779556,12,118,0.265341406009561,0.802965405824859,0.59586003021129,0.355305389999528,0,1.16661438437054,0.163493702512603,0.163493702512603,"T","A",0.129654975395595,0.0287820181216598,0.20372502087676,0.209471010517246,0.185432845335185,0.0453397505074718
"chr1","rs630395",109838594,48,250,1.54162308052557,1.9032562335846,0.95210396095274,0.315620766591994,0.832328869047619,1.1305655803381,0.154919782759244,0.691865192856993,"G","A",0.00915150008939467,0.0195873124084839,0.0401943983480755,0.0500090245507885,0.0462006428599742,0.0481226998489581
"chr1","rs59887186",109833776,339,19,4.26110698232907,3.05216165413534,0.67170557717134,0.103855794697645,7.24797231593256,2.10291353383459,0.329014408417431,0.799843388900224,"C","T",0.392683699593998,0.328536567328372,0.18933169210613,0.111556517645184,0.252037269131039,0.0905383802027363
"chr1","rs74113799",109790286,249,42,0.974346843563014,0.470079895017856,0.940744827687916,0.679934671560118,0.633339853102066,1.1843368371445,0.335456795022656,0.899479579647361,"C","T",0.022356766810455,0.0186874748695203,0.067058998844605,0.0505440334991864,0.296508333277582,0.0672320570444591
"chr1","rs413380",109795026,36,285,1.52480659772326,1.70247795280358,0.115673514544393,0.848906925303447,0.0550347222222222,0.462296094895841,0.271454526614626,0.339681434803126,"T","C",0.00642289302401984,0.00703551082092603,0.022541325935166,0.0234249855459388,0.0214018622219504,0.0111649451294811
"chr1","rs630822",109838504,41,314,1.27052376594599,1.47029711455768,0.724500451897977,0.802609257221471,0.807636469221835,1.13769496808477,0.905485909494658,0.463775449747609,"G","C",0.362582960473773,0.33842388850326,0.672303212012629,0.59066288115531,0.598233626575706,0.48439423890654
"chr1","rs646776",109818530,16,272,1.31182024542984,0.961741079655884,0.0797137711631012,0.988361100274388,0,0.530856203921817,0.155293757153382,0.155293757153382,"C","T",0.185232862812591,0.133223582215088,0.657082063433903,0.542067743835067,0.514984933456407,0.320980292119857
"chr1","rs623371",109800514,213,51,6.31112267164632,0.551705933220916,8.5258451973788e-06,0.677729314560251,1.51491226137995,0.588515406162465,0.190478013403303,0.952238068328903,"C","T",0.0929966942328113,0.0338938995156351,0.329789433789206,0.281130907767923,0.793037825576824,0.0372299344903101
"chr1","rs115030251",109840918,236,57,0.86051327251501,0.797095695483052,0.647122633588484,0.601538714808574,0.426837255232465,0.114450330058241,0.494217878318269,0.211162962951916,"C","T",0.00849760584255425,0.0275304628598315,0.0640705171704701,0.0570567309236659,0.0626503539295866,0.0927891579620286
"chr1","rs1278285",109839433,44,187,0.986210454851968,1.23340179739807,0.92188298326441,0.231921538483709,5.44571096517119,2.69856614838926,0.664571123472173,0.0252485965363534,"A","G",0.0729137740800267,0.133388410732113,0.284683509263975,0.34344784940858,0.299514543091442,0.0140125929337859
"chr1","rs3120625",109768889,114,65,1.3606856541018,0.642521113740035,0.165098879751244,0.130960209079758,0.647411975806833,0.759276813495396,0.760847295796988,0.122642101635443,"T","C",0.119342558867648,0.0949976211653019,0.204917359389348,0.220571464981642,0.264071101618163,0.125147073786761
"chr1","rs7547246",109768161,297,53,0.508328323521282,0.89376982424545,0.00202234866579688,0.202015989407463,0.352778286244118,0.700359389038634,0.777505871835474,0.114637550632748,"T","C",0.0202247010780696,0.0184762872222051,0.0239248015785096,0.0123639394737864,0.375276650495416,0.136474509744738
"chr1","rs600711",109774026,60,267,0.995719909613362,1.17312980760476,0.529012534303501,0.579833817187289,0.661054065536436,0.810726109197131,0.265524427876167,0.399031584053964,"G","A",0.265315197975039,0.228848101120221,0.13886471026885,0.146293576954174,0.376404396897353,0.175333294601933
"chr1","rs199544349",109836919,229,43,1.05809768020125,0.692741251591892,0.859993323440238,0.188280120575947,2.90094427334279,2.03202362075909,0.286008750597319,0.0247917751893788,"G","A",0.00489015444210977,0.00347913672978041,0.0106893286187006,0.0118280654107118,0.0538731856399376,0.0151001790868713
"chr1","rs434524",109791556,26,221,0.761597514860567,0.712721240862764,0.805656350800021,0.436968213851334,3.49374236874237,0.981086898698195,0.925553808743073,0.523142766235959,"C","T",0.290327248710386,0.117384059828126,0.146889799377413,0.127678862306329,0.181144180376982,0.119428305166762
"chr1","rs41309213",109805659,172,28,0.635001657902076,0.363675198361633,0.673249364397526,0.811840525142925,0.874735080586102,0.866503999380126,0.823198566144816,0.456406854210051,"A","G",0.0217866988282249,0.0233015238747046,0.105834292238523,0.0798081914923916,0.0698719863190749,0.0802685871935971
"chr1","rs1337248",109806442,101,153,0.654810834796324,1.25958199191845,0.0636905995903522,0.0729653070659323,1.54855936199814,1.04247510159711,0.146166404221842,0.751582596476058,"C","A",0.0122812433402343,0.00842356202541794,0.0381125372165497,0.0208743603839826,0.065050873070212,0.0958383851090736
"chr1","rs602633",109821511,61,301,0.217576822085019,0.716699437772329,0.0456396465969745,0.804953475180132,0.540526511848292,0.767577543550552,0.36913522938418,0.0748273104035755,"T","G",0.0380469881826157,0.0453717078405484,0.0561299245104452,0.0496512042326508,0.110459441792999,0.00227504993922053
"chr1","rs78118025",109778575,347,33,0.777126171126675,0.577912960524823,0.524267923854531,0.995758974777923,0.385283243907759,0.546807359307359,0.770429196163425,0.283008455700435,"G","A",0.228960191818922,0.14060018322347,0.118831471539276,0.126689419249743,0.216152086795024,0.0880792908105629
"chr1","rs78151883",109834114,190,14,2.45611890897417,1.23214285714286,0.302454440461509,0.375962398339522,3.98766929045307,7.05676020408163,0.0933538028254117,0.466439933902065,"C","T",0.0850849996558533,0.088610735842731,0.100847778982188,0.062285167602375,0.497844245649287,0.0507949740812208
"chr1","rs603643",109781909,168,81,0.771249503420454,1.01962615056561,0.746831057705156,0.606878628907712,0.626955237664128,1.06836084050028,0.433386804347436,0.864153482755858,"G","A",0.0236163532811547,0.0126891415179161,0.0579276801556819,0.0527541267219561,0.143872114291572,0.161464880756214
"chr1","rs669697",109771701,198,82,0.535120477090036,0.984906144492608,0.783093227657428,0.261967168463247,0.661435605457345,0.947562259894577,0.266340493574274,0.95554860056411,"A","C",0.0170576074033681,0.0219922071292102,0.052776451708908,0.0555253186812059,0.0757403790430845,0.00762844899113795
"chr1","rs17036094",109834940,354,30,1.64921001735733,0.692678128998884,0.139897711117966,0.94166731843374,1.03952451618281,0.384524736685952,0.947891682804913,0.515278128272977,"A","C",0.0576834841461307,0.0463727927802175,0.0676781171500511,0.0611173358194851,0.743353417575562,0.211009928739616
"chr1","rs592107",109848726,107,219,1.29375995088352,1.46812039885449,0.840374077506684,0.876788908637071,2.59866826726484,1.5537487785257,0.223987359891215,0.835566549708247,"A","T",0.11891356657693,0.132630818351032,0.0743330182243229,0.0840558913742726,0.315711432971165,0.00884123591187101
"chr1","rs680767",109841760,135,228,1.09502755515229,1.34591099801568,0.165698739272092,0.0376227904425877,1.2003346224382,0.956986543687767,0.381636051397533,0.821907723671828,"A","G",0.404277133092275,0.376648361606726,0.572548582987569,0.596668929224148,0.680432509817597,0.269351102148589
"chr1","rs74845072",109789092,244,38,1.24650181008455,0.493819538771753,0.0346932194048141,0.0521825252349107,1.41430860625469,0.615524297403588,0.139885535359192,0.0601812937941963,"C","A",0.192704972445047,0.221596537557139,0.324527939994817,0.380429796077952,0.262071442663696,0.136559070340017
"chr1","rs590502",109835387,107,147,1.07237813645084,0.53723434008639,0.175637998496471,1,0.45177797059298,0.7684993184343,0.00767515555048299,0.373036744341195,"T","G",0.00145604151638991,0.00197024620018323,0.055739169491665,0.0589033693005037,0.094305880830363,0.263221991321414
"chr1","rs112937291",109774159,349,53,1.03481544456795,1.75557713632789,0.0425159383123125,0.740323816266409,0.594154740852265,0.248483827493261,0.652876255528579,0.644737608849775,"G","C",0.059563376722925,0.0203603890328615,0.0509019850590245,0.0538878846958266,0.156773167986327,0.167163412334292
"chr1","rs1277921",109782262,186,77,1.58742172467934,1.38652386169521,0.821490340014372,0.241246492218712,0.944793319250628,0.930281118984535,0.861296458625182,0.515123642276736,"T","C",0.0332515237165929,0.0174596663728066,0.0410325562241278,0.0323828991293467,0.0361857411903766,0.137345937555114
"chr1","rs615818",109786753,10,333,0,0.484804897047863,0.151281329104879,0.151281329104879,0.147663551401869,0.20848272584255,0.733612173725458,0.6632220535715,"T","C",0.6202809061586,0.855100825651708,0.476497744923612,0.447135336271694,0.181595026043825,0.427931961065605
"chr1","rs17035443",109788713,225,21,0.800570722923337,0.848014001078641,0.882172109448559,0.250893493196724,1.20463425465848,0.0967261904761905,0.27662457089687,0.705494734897312,"G","A",0.228520607183455,0.117238607106052,0.21973301981648,0.221747166208635,0.206393623996786,0.0547329825182834
"chr1","rs4970833",109804646,95,130,0.572925953570387,2.03444217610001,0.14731988346539,0.836853767300054,0.854290320663318,0.440033816157968,0.7607178619653,0.407951504203367,"G","A",0.0604540410877321,0.0585948165716928,0.0931185055877189,0.132496796195131,0.0801630864506266,0.245161874715435
"chr1","rs75551809",109805987,128,17,0.573153881466187,0.72287625330506,0.378211992736407,0.781154112847329,10.7650481669585,8.96997315708792,0.262671680796428,0.0682515215475627,"G","C",0.0449818649817295,0.0303214526495915,0.0637515119734985,0.0737185971624913,0.130493215585939,0.0721545635978332
"chr1","rs61799429",109783513,201,33,1.15992521873017,0.445223861220365,0.205140101701567,0.450832411108112,1.09194664136016,0.0407925407925408,0.0728836477942027,0.555884170295595,"G","C",0.113467294139159,0.152306157117576,0.248407697637539,0.198334068618868,0.424444381593767,0.186016737764594
"chr1","rs443345",109849254,91,161,0.544970366154923,3.38806270820298,0.0830959553288751,0.823667944994418,0.472500833894707,1.23633521962579,0.152610056105797,0.297255238533727,"A","G",0.0094828309932837,0.01413873754667,0.0376809600689956,0.0391838843062522,0.0250524180555522,0.0821999434619907
"chr1","rs4623734",109783205,139,75,0.93016031397624,0.665474471477925,0.720567049899813,0.0833390581351095,1.29804197961711,0.40155086620304,0.452726334618088,0.802824199212845,"G","T",0.035492075691075,0.0150139894596046,0.0247390972206087,0.0114790924976497,0.366763491199959,0.236880091814431
"chr1","rs550343895",109787169,255,17,1.10539434249979,0.788718593498005,0.681769627131634,0.332267692030637,0.646580801260442,0.126737967914439,0.42228192024228,0.462843039381805,"T","G",0.159032440651414,0.0674600385537551,0.0442047179219502,0.0627357067920183,0.302170748610348,0.0644911843754147
"chr1","rs2359414",109796053,118,31,0.980274463124467,1.02745467482494,0.888650644243204,0.514734352173049,3.73469851759873,3.74427067698044,0.96767087382587,0.127530040681168,"C","T",0.0146773505505338,0.0139311343541314,0.0924251601299351,0.10158788931865,0.0893562723887637,0.167945206919923
"chr1","rs77100651",109818633,275,30,0.6474135542548,0.610270863395863,0.841007477614457,0.330969708378363,0.625147767507236,1.2356994047619,0.217974433268076,0.920907975713527,"C","T",0.0714401651193571,0.0941300964700691,0.18977131907358,0.143953506718779,0.440938452824893,0.366650050213283
"chr1","rs652651",109844532,107,156,0.788631543048926,1.23616947648221,0.792841797246364,0.245702343997666,1.1171181059448,1.30981860929519,0.0682225783925565,0.929119366124692,"A","G",0.0317183301573793,0.0311733352396308,0.142199785981922,0.150103436050392,0.028407168386323,0.0402616849508653
"chr1","rs6698843",109806834,68,99,0.579641750595882,1.23155833959726,0.804923430271427,0.0155549937285319,1.47452788550135,1.36517961562514,0.640397851630331,0.754273626693678,"C","T",0.0121033495409685,0.0119823956969638,0.0118043163489428,0.0180129357345298,0.0799475950820922,0.00382922100274569
"chr1","rs3853498",109860144,86,181,0.803318481915977,0.831292512890254,0.515339758450611,0.538398529494112,0.616381883448821,0.741224197806891,0.181883946274841,0.566944879324591,"T","C",0.3280709516364,0.186702952656874,0.28353031952955,0.3242875154168,0.0927735207184783,0.0251884567153879
"chr1","rs595770",109829590,115,223,2.41342550685796,1.92004784951425,0.134167618628595,0.0548535503691598,0.658644688644689,1.31795175579186,0.895858552223383,0.576790797879753,"T","C",0.106704846713983,0.0822435208554589,0.118817936467007,0.0949029602453871,0.677292183904072,0.117751772512383
"chr1","rs672569",109827253,37,273,1.00238941373222,2.49275221469147,0.167885674490788,0.707206012313245,0.887852448113821,2.36072315120905,0.434335786413028,0.689570877441947,"A","G",0.156491044632373,0.172192245852373,0.23663445213251,0.242315014467115,0.300985031253123,0.0182072404691327
"chr1","rs79726060",109806102,145,23,0.903884297396129,0.758540372670807,0.367549335817432,0.494439906261188,9.87475368308766,8.33999003379286,0.331032618990868,0.519612220749915,"C","G",0.210177999178575,0.217297147480283,0.0939565052120003,0.0996164910376923,0.0289284719534753,0.0475199396013192
"chr1","rs688386",109784463,134,118,1.49421894171641,1.28851643516559,0.413412043823347,0.590493965789879,1.16897530812548,0.604811013824463,0.565537431327606,0.622781457351154,"A","T",0.037094733569938,0.0565770542277017,0.0609026177180907,0.0459665620279421,0.155027154764258,0.161880627955513
"chr1","rs657511",109771881,17,346,0.918138363441261,0.808218447820812,0.196453734997589,0.742181111816483,0.235035318475216,0.652045421928974,0.895965012469006,0.832168124747581,"G","T",0.013578644126029,0.01629441076255,0.0519097851999811,0.0640890374116611,0.105783869703494,0.00854295593889783
"chr1","rs66795935",109804883,247,22,1.5297027687872,0.618145743145743,0.262016785620342,0.671084144305084,0.628199934571734,0.78321158008658,0.253936066994971,0.339546393091677,"C","G",0.125417373167296,0.121829669100241,0.0412336297990893,0.0457728439810548,0.198848638843112,0.0101687425159673
"chr1","rs600806",109840629,181,119,0.419964429180129,1.29898001809493,0.487086670734181,0.2397669358577,0.339325629818429,0.306497032679764,0.71891338736991,0.38472681095904,"G","A",0.0126949852275124,0.0169205459706072,0.0711647372825479,0.0538351651633389,0.0280942910706739,0.0384481511364278
"chr1","rs3853501",109864374,92,167,0.520278988475711,0.512226259570039,0.973711042477052,0.537652198008454,0.878359331930048,0.280150290940124,0.736756093547376,0.808940028153613,"G","A",0.368082821794641,0.18384656494023,0.467065950181319,0.419476434235968,0.172237851028877,0.212439580575437
"chr1","rs680434",109842271,126,208,1.38583086117371,1.81009909485302,0.272107433122074,0.92293981039437,2.38905060069773,6.29749387644374,3.19846660804028e-05,0.426009397274108,"C","T",0.0699761383922654,0.0950486890697733,0.110819390402238,0.0957876684486472,0.198852006971117,0.183626180121996
"chr1","rs113593332",109806933,149,17,0.747054642281989,0.513197097020626,0.957530952866352,0.787305487604162,0.723342227049165,0.548844537815126,0.691916004548451,0.629853352687034,"C","T",0.0103181843103021,0.0235484617988836,0.0188449367646284,0.0194904132762591,0.0237117181454198,0.0680342540793844
"chr1","rs407102",109846278,137,195,0.702751739880408,0.562002780087821,0.299158026916387,0.484114479942157,0.595361924297185,1.58363809743163,0.0553462055478467,0.82539674162408,"C","T",0.117473884858403,0.247532212455796,0.0792669928579031,0.0937720320562231,0.132906823746286,0.312255054623382
"chr1","rs141521383",109819683,152,25,0.505700601010002,0.538446661103288,0.240455716694806,0.649036083586132,0.476288131079625,0.0476190476190476,0.405119637877905,0.380207876657481,"G","C",0.0766661354972174,0.0698385855977376,0.0453809364609201,0.0470801135939973,0.183049180025978,0.0297569330075082
"chr1","rs3853500",109864269,98,186,0.716473646404908,0.500603027910791,0.108061344290034,0.218649754694945,0.320673609760394,0.287678018239518,0.815480394658428,0.770849627195081,"T","C",0.206583626087238,0.131452304952798,0.281873732942594,0.162368448131753,0.581845850216456,0.198719344273224
"chr1","rs603624",109839954,104,75,0.711026469540795,0.440136323629612,0.827039682564607,0.078457994915068,1.19676243191401,4.25022751453812,0.63029042334121,0.63204547273562,"G","C",0.0457096113563968,0.0709384181196676,0.18465452252312,0.18765925737701,0.0223684520123583,0.033226002248579
"chr1","rs72646581",109860422,220,36,1.68555526474617,0.875652132205047,0.348728799839299,0.928570276674601,0.421579961817371,0.968114061864062,0.335028850360247,0.364161043226561,"C","T",0.150577328119835,0.197504860792395,0.161586975465848,0.219234072041575,0.144727798864292,0.101858937653743
"chr1","rs638542",109845252,108,120,0.638926188768393,0.689513214799252,0.988674728909494,0.659913518240763,0.223515944370479,0.175561738908593,0.813028090058107,0.442713268640142,"G","A",0.0130046154379,0.0123021910863186,0.0546156215182673,0.0620932502918719,0.0770043555653805,0.0914281446955631
"chr1","rs3738777",109836835,154,64,2.01468443726235,1.18177982795932,0.30801265005999,0.887139537889775,5.57652820517023,6.29967401684381,0.165658375775142,0.95581974470367,"A","G",0.212001840800923,0.0803029886833231,0.126591604102109,0.11303357159801,0.094455895618487,0.0468543598150716
"chr1","rs17035630",109810981,155,51,0.60329675565965,0.838196053799467,0.635498829664494,0.657701817634844,4.05284851468918,1.32213302823917,0.861772712576568,0.463973334407007,"G","A",0.0384102100911385,0.0800936042770507,0.0529408317389608,0.0463522579701991,0.0790644408909855,0.130834337692191
"chr1","rs583104",109821307,65,319,0.946641615189808,0.786367594437045,0.0319680452421726,0.127598741250933,0.587367551920842,0.584372081496317,0.882664882799122,0.134469736933497,"G","T",0.0439335705275997,0.05349635457925,0.0777219913759953,0.0634955564554881,0.215674055996058,0.0453898103512548
"chr1","rs17035949",109820919,264,57,0.782346650817776,0.766039056065762,0.543292588110959,0.459915856438647,0.308369238212782,0.833216083848675,0.695710343098792,0.435909830297183,"T","G",0.00498152359386481,0.00691877841971027,0.0290170795116694,0.0188269226524658,0.0582215366768543,0.491796586915609
"chr1","rs10858082",109798721,103,157,0.612982604922517,0.471369477615474,0.048606559932425,0.577959731822428,0.44858535734622,0.12172170808975,0.0962760363238056,0.0210986558812484,"G","A",0.0382038031901687,0.0316576908198006,0.0284181364020401,0.0377539340924912,0.622898667342601,0.098674839129009
"chr1","rs7539716",109767783,164,84,1.33484437046424,0.953804481312286,0.355090448511384,0.363005189615018,0.779822487298332,0.312700390592225,0.686291052983288,0.69865670299168,"C","A",0.0445558079010508,0.100709357722413,0.0707282127584621,0.101458623154379,0.214014962437021,0.0334940289426511
"chr1","rs79587932",109832174,116,10,0.575230544978905,0.574007936507936,0.750785270491156,0.250494402992259,0.411095224509457,0.542857142857143,0.860985347455332,0.315072271610059,"T","A",0.0540463484707459,0.105506991452796,0.056881616723243,0.0585729607576227,0.0279262604771715,0.00771904813869441
"chr1","rs606434",109801928,249,61,1.13000400793091,0.501013820843581,0.150947429077084,0.748701983534752,1.02824889269662,2.50032387373638,0.317324710722082,0.163360399927412,"T","C",0.107129305685867,0.0580646759092688,0.312782811058039,0.329942961703191,0.718320726578537,0.0795904103003838
"chr1","rs586254",109784781,158,131,0.86478796950029,1.06081541781498,0.0275286391891369,0.754869775628526,1.8425923067225,3.47409902479259,0.481838684717877,0.304062282625069,"A","G",0.128237810583408,0.197848085089686,0.112385782491631,0.105642461000838,0.201963329031784,0.0190611811801841
"chr1","rs606007",109802031,265,52,1.12745953940671,0.461000011596495,0.721924095067047,0.528375585927824,1.08931995429301,0.653448020977423,0.401814168689296,0.930617045902538,"G","A",0.0326641070441298,0.0424300725857189,0.138058375749747,0.162324678158373,0.593216204687736,0.0749469224153101
"chr1","rs3853499",109863288,38,292,0.42874895572264,0.405431012732154,0.648221259464458,0.627383813222516,0,0.389672547031395,0.0886721465960064,0.689565911264021,"G","A",0.203731358439985,0.290829052132811,0.187186977338979,0.197609594360185,0.0987299189308995,0.0575580450002217
"chr1","rs3768496",109866569,78,149,0.433228146738621,0.39417025408993,0.547615876703123,0.303380738583582,0.210632680405698,0.267537083514636,0.304571389443682,0.590795424212713,"T","A",0.0100114103428945,0.00759882170879334,0.036883408317871,0.0336572199523185,0.194294855468583,0.100291142095784
"chr1","rs632514",109838116,25,309,1.31110888510343,1.00315324917024,0.074923208159406,0.372211193352857,0.745714285714286,0.750485883435203,0.555634990415437,0.539285983907511,"C","T",0.0297556481212244,0.043742239223628,0.0283262081474797,0.0245688784259324,0.121635157518788,0.0528115904241607
"chr1","rs654040",109772957,23,200,0.277973260674245,0.834304432513282,0.40130768602505,0.144888547842778,0,0.927578427670235,0.0805057544531714,0.205649648909186,"T","C",0.01761438145155,0.00830685678832784,0.0302334039898382,0.0225303034780717,0.044244039780269,0.0229267760057285
"chr1","rs11583969",109843775,226,57,1.1335506735652,0.528964456596036,0.138875270659829,0.418848546139499,0.461741449094188,0.236342276144908,0.648803162280843,0.986542232043743,"C","T",0.0440065983573603,0.0301236489652048,0.0397390414900773,0.0293145107980287,0.266672807888663,0.0322930569486461
"chr1","rs75814371",109804813,228,31,1.61605503070958,0.309768644470355,1,0.123114248727419,0.454291838268192,0.207133256528418,0.707097438754701,0.768703786923525,"A","G",0.0289243443209681,0.0304342111186027,0.0160205724287302,0.0122977172012383,0.188875045727143,0.122034866941414
"chr1","rs11102965",109784938,114,137,0.484027903953371,1.55850734907263,0.802716051524166,0.0903952442807941,0.72585922304521,2.09953151002288,0.370128438601511,0.652537269544766,"T","C",0.00663732763768003,0.00697303274884711,0.0259187077606611,0.0207746008029447,0.106751269061515,0.0973379480949309
"chr1","rs614174",109814721,238,33,0.518763351270031,0.677027379003664,0.971194764635203,0.988213907787457,0.896918533771932,1.65140692640693,0.688105191314631,0.977015641184887,"G","A",0.018939912860285,0.00574876400791517,0.0325696840774605,0.046674034428514,0.0759924292273647,0.0246234539598421
"chr1","rs634495",109800218,244,71,3.48639014290259,0.364166102199248,6.42873762301116e-05,0.169447768082102,2.0497992914119,0.589704395677421,0.115883454044195,0.964725631710295,"G","C",0.114978618314028,0.0460442462695071,0.160565155451908,0.102448182351489,0.54872595880448,0.0319550659315034
"chr1","rs72647823",109851532,318,71,0.962894292219708,0.792967917117457,0.109238316358866,0.173853292116781,0.587835885805293,0.16875,0.0519642245403367,0.581160046721324,"C","T",0.0455633083113925,0.0991307298401001,0.322141016176165,0.304197708386955,0.255473716086985,0.0110204666207932
"chr1","rs413582",109851126,206,119,0.774004567416576,0.746746195205885,0.548103372211822,0.167906128815977,0.301263502956908,0.651960925134334,0.0324366004402092,0.63121008063723,"C","T",0.0559921922856052,0.0682473561449371,0.174292331570428,0.137500679452442,0.348173748755118,0.0204923135223341
"chr1","rs6689614",109807099,70,117,0.964789889199827,1.01617107190492,0.382277106773455,0.0678936033983911,0.631418118343584,0.670473252101066,0.580649556932818,0.00720167472979032,"G","A",0.0385801798637046,0.101501006709465,0.0478362309706164,0.056195906615042,0.281441602108788,0.0520432672779675
"chr1","rs585362",109789795,94,169,0.597593159789239,0.410923504255193,0.109380908434075,0.0631129731387296,0.0988299536307767,0.363513276009382,0.141040259951228,0.386709579449298,"C","T",0.00124760234100652,0.0019796583592918,0.0120434201379651,0.00991004123178478,0.114946065278021,0.0983610806793393
"chr1","rs4970831",109769065,182,25,0.769511653537538,0.668733505450373,0.940123968199819,0.614938593083889,0.607163962723538,1.19357142857143,0.766496848621941,0.0610498899588834,"C","T",0.0204264373320673,0.0209853054402939,0.0100136019053491,0.0170098780232803,0.190163437205239,0.127652352067528
"chr1","rs655246",109832283,95,123,0.584566904300886,0.514196201200912,0.233966370012109,0.521172987964239,0.702499277038751,0.55491274095301,0.525312980833207,0.0719713468772709,"A","G",0.00870919022106757,0.0194671229642217,0.0225815059698353,0.0264973403254037,0.0269087146822047,0.0280629369501976
"chr1","rs444387",109851127,118,214,0.849476088173055,0.873494830209171,0.514782198517509,0.0673140698943023,0.33031542962687,0.414662801754985,0.281297523159396,0.853041765735524,"A","G",0.0249136414508023,0.0187473308277936,0.0687265756546808,0.0814233274258878,0.40207390755753,0.067774267614475
"chr1","rs1764833",109836462,81,113,0.759075579760353,0.296456555820734,0.0025160512571462,0.908511777979526,0.764776707118684,1.30132706207757,0.174527070910294,0.572463008129003,"A","G",0.300849473315204,0.246751485673602,0.119723909233546,0.10268003385021,0.0789688919361679,0.0234610417004511
"chr1","rs80115741",109803477,200,29,0.575747501022365,0.594694886427333,0.249271260533332,0.0329424985184308,0.557914702447311,1.00400246305419,0.482199593015686,0.950014688346051,"A","G",0.0223170344760043,0.0120707925252901,0.0511398219257426,0.0730143059425409,0.0412489896443577,0.0138124915640301
"chr1","rs35558471",109829937,120,45,1.05402682396326,0.656434740782567,0.191245512760198,0.144877518597051,0.363862179605742,0.579322609757392,0.346877566695651,0.454306549676572,"T","G",0.0634678442816797,0.0629866315008654,0.0489502400310995,0.0469991047562083,0.17994650524176,0.00912600111138837
"chr1","rs593651",109809110,42,67,0.941629930915645,0.874844289801671,0.818792466276497,0.781071772101985,0.695707630878438,0.72834797156538,0.735340492691066,0.294423824273645,"G","A",0.0304936321924083,0.0531498441597099,0.0863080537529113,0.100144775926785,0.0509427026167677,0.0416490747049132
"chr1","rs12043187",109864923,199,64,0.855448331714235,0.899506282426495,0.981167812465689,0.0422350780578659,0.692611927072272,2.36428041737012,0.000298793994867269,0.15673614212215,"T","C",0.00934479681117015,0.0181580393219375,0.0243324498467711,0.031952856754929,0.244442196452225,0.0206432517171568
"chr1","rs6699122",109831245,296,29,0.786460417370865,0.782924704799017,0.583027693625407,0.724019598740721,0.645328109744174,0.959549932825795,0.186982694831157,0.533779744910305,"C","T",0.345205383437472,0.179367357927792,0.265044026951941,0.176758185913284,0.619322946890925,0.0652444295285444
"chr1","rs661278",109856843,201,19,1.17396220575026,1.06038611537495,0.410614637270309,0.0304945088193865,0.220317648499024,0,0.323500940504654,0.908506520015596,"G","T",0.00979694982581622,0.0320396006082955,0.0448889826472125,0.0416883278016504,0.0315346112316329,0.0719201219604867
"chr1","rs661464",109785811,249,32,0.826638693172901,0.744344969302888,0.185955219716213,0.976688245060794,1.18727967108552,1.45924759939353,0.613144105038334,0.536317200910036,"C","T",0.0446512559789734,0.0457909762914528,0.0221926198282164,0.0220939084895279,0.0520128185524132,0.0180984484548257
"chr1","rs6689611",109831268,318,28,0.842857645421743,0.851316364044161,0.771539939189937,0.0303913312447874,0.601131341629715,0.323885908026595,0.3245093455253,0.297521393988453,"G","A",0.0575593801574195,0.0944491681162216,0.174580016143735,0.126682312009594,0.154195901361904,0.0107965923290922
"chr1","rs187550803",109787804,242,33,0.468371574338126,0.228109497542243,0.327140726510399,0.873470071153029,0.260457293112938,5.57180500658762,0.376876061016111,0.564721315636416,"G","A",0.0145187603823345,0.0206876672117277,0.0329848795425492,0.0382813470112777,0.0815975125579557,0.0489189006301183
"chr1","rs688498",109828513,73,147,0.301725703004115,1.21738562478677,0.035728648836416,0.60495697713798,0.428409798603797,0.776463340937414,0.468846066717392,0.814132203689696,"A","T",0.0422996510881023,0.0378388458879938,0.0375261383256643,0.035673335055888,0.508397775132441,0.0154399159974752
"chr1","rs41279714",109813485,154,15,0.470764804787452,0.350038248231019,0.182104834233123,0.0527747032604063,0.527562026763179,0.190361445783133,0.570162067939502,0.164966446995258,"C","T",0.0149354258022549,0.0253195149314266,0.0323737759543863,0.0355326959541576,0.015240317601399,0.334336243872518
"chr1","rs649281",109799244,44,10,0.427583286278938,0.974404761904762,0.034742788354194,0.163842827721744,0.64148198319394,0.526785714285714,0.934948364507639,0.298031734036985,"T","C",0.0341790473862769,0.0618587143534306,0.0571709467724353,0.0560218817931303,0.196113662447806,0.0308792884015562
"chr1","rs12095374",109824879,299,28,0.639324914225324,0.667057929090639,0.131797391753065,0.833053875944134,1.06427350598391,0.249849257884972,0.502831477811739,0.548559100944167,"G","A",0.00881364005830509,0.0110781617601112,0.0622814662948471,0.0448657966306768,0.0573651050624529,0.119407613268543
"chr1","rs6697131",109805174,170,11,0.59992100629838,0.658008658008658,0.958779969810539,0.435640029138178,0.655262689568268,0,0.232221512918569,0.232221512918569,"A","G",0.00954066151271039,0.0137199569176367,0.0171035042073641,0.0173195421711418,0.0266165891438545,0.188503090347572
"chr1","rs599839",109822166,60,233,1.09206020018845,1.78208164550709,0.295148051965878,0.458069216793135,1.82056977744478,1.97710288076544,0.421204873811629,0.536384874731469,"G","A",0.00659363876252445,0.00810771167142917,0.0170676875096923,0.0153875603768302,0.0748994653736342,0.0618764048010152
"chr1","rs17035415",109787493,135,17,0.758445917576804,1.06409798859303,0.366313344819801,0.984664575024975,0.321197167190696,0.325133689839572,0.553411097548728,0.877884393725268,"C","A",0.071203619886235,0.060243673440328,0.356824056590319,0.322259439325393,0.185450196221146,0.0637632968490288
"chr1","rs681663",109829962,16,188,1.11272321428571,1.15025943303474,0.750686163454278,0.0187111111478147,1.34486607142857,0.661813211596915,0.982349455455429,0.0264376001325208,"T","C",0.0969859539887183,0.0927738957633644,0.155806666407123,0.121983359253589,0.0608578843630033,0.00453793168815198
"chr1","rs555848500",109850645,273,52,0.527131015336219,0.676886716224952,0.872279831430852,0.198039522051126,0.631951043049546,0.715750531499082,0.425748380307328,0.377202281808125,"G","A",0.110391208244306,0.224534804790105,0.307935657095199,0.385000737266579,0.337988910232303,0.00203047509543402
"chr1","rs593442",109848406,34,297,0.368278481032742,0.688649660422076,0.751197736090319,0.7884084199326,0.465703781512605,0.686987067642138,0.57368376797751,0.230947545480088,"A","C",0.100392959948696,0.113567731442003,0.253599834796964,0.284441044083238,0.19136976224854,0.0234882444370816
"chr1","rs626387",109798803,245,65,0.485874357788293,1.51415681126394,2.05775416192691e-07,0.971873818436689,0.232488107387958,0,0.0492692023456962,0.159720360437106,"G","A",0.0200623019685614,0.018026536501463,0.185460370469577,0.186283683310136,0.187815473611512,0.0285343052781044
"chr1","rs4970835",109821588,213,73,0.892878880695724,0.572772556932159,0.73049805410595,0.283924375473924,0.732194861946395,0.746287672687315,0.0865270325828694,0.870220902239416,"G","A",0.0234592208861612,0.0836304486480363,0.0278331051953728,0.0420137843806509,0.070717851450221,0.0117330888621963
"chr1","rs681242",109841659,130,197,1.70577051530187,1.37117985121524,0.73289661267894,0.21056599846818,0.927429904373197,1.08589686663432,0.328707541199793,0.882896067169408,"T","C",0.0231903030404334,0.0316674888256723,0.0819746880379412,0.0984922223187606,0.387112110799813,0.0533439162415192
"chr1","rs12136140",109866844,67,86,0.554662590304649,0.713714409813316,0.814106893251381,0.0759982914682233,0.109168986286312,0.550075199949574,0.255412941458569,0.840555473817653,"G","A",0.00844019362646733,0.00694008842949941,0.0364332862128194,0.0354659005585975,0.0571146055368651,0.0457143111085774
"chr1","rs648771",109799394,131,37,1.01686761316861,1.29093639093639,0.480149925986491,0.652889654605457,0.40574440807872,0.641874341874342,0.352927636339793,0.7208828871637,"T","G",0.0199934580683373,0.0266869670559647,0.0311432555642088,0.0319062278100506,0.0291213214746281,0.0759941249202307
"chr1","rs4268379",109778237,141,169,0.641104814564206,0.640254868987686,0.764968120561825,0.911424349787765,0.356424709668474,0.454267779500619,0.804895201101329,0.344817804697952,"C","T",0.0960084138774753,0.0439862172480196,0.138603297804073,0.0906609998521149,0.216894559270591,0.0599703127821652
"chr1","rs604349",109839392,57,209,0.75143159761538,1.40412296971826,0.408876396905132,0.893384247969383,3.42697226019594,1.87147739095585,0.735829413255614,0.0504075537684441,"A","G",0.0291888078470373,0.0460579047716572,0.0303735663046225,0.036686624030678,0.0742067137752155,0.018022846248628
"chr1","rs17645143",109835757,255,104,0.791324596533095,0.585651040412998,0.856997524129325,0.380287827847032,0.375856188094975,0.462779619233424,0.0381213983136071,0.0711201911202223,"T","C",0.0503471676609989,0.0752534354002341,0.109002781638323,0.111894873163321,0.218847630764489,0.0210247008411273
"chr1","rs527704690",109783688,190,80,0.792344778448262,0.986162571954497,0.877001868944981,0.406732915132724,0.823978136828819,0.767475954314407,0.526174669716685,0.997721876613769,"C","T",0.00297176132641782,0.026081078109353,0.0214114908201292,0.0309702753738367,0.0342178035827539,0.0126228819919411
"chr1","rs112431880",109836529,242,40,0.614236025609416,0.962263257575758,0.368283773166836,0.313906942797246,2.92991406413764,2.99756587225525,0.381305257197002,0.411671966349702,"T","C",0.0757876730510921,0.0811251482961899,0.0107447681871589,0.0167011776525801,0.0429648222691301,0.0193366318289573
"chr1","rs79214132",109775874,133,27,0.742318116484511,1.93921098857511,0.507910228318381,0.381680297175687,0.494701075730415,0.29265873015873,0.9005205615597,0.544655853857344,"C","T",0.0096592845911941,0.0164158026298599,0.0701745662197677,0.0769676481733828,0.0184583766885046,0.156284682029649
"chr1","rs145350793",109864007,325,63,0.560904552786729,0.497659505554812,0.10005303357342,0.61475608138852,0.254298317742814,0.26432022084196,0.172342417693154,0.875265068653352,"C","T",0.0324418369852728,0.019153983002067,0.0646005999652606,0.0718426943478353,0.0101713200028286,0.0207500415234933
"chr1","rs56187823",109836223,104,36,1.16999865624493,1.50608748247637,0.700104504853152,0.657375255136864,0.803631695088635,0.976791052479458,0.311388531482878,0.297472257815428,"G","A",0.0284471275036117,0.0172098780133723,0.0135749259770637,0.0222324645799823,0.0496132644012831,0.0121275586351238
"chr1","rs77638334",109801919,270,29,1.04816765039994,0.690369116603034,0.832959944982955,0.767575959449978,1.15953691898553,0.462637173493603,0.901190695458734,0.329978282799893,"G","C",0.0190082216003977,0.0405796754750401,0.0237216785112789,0.0371761265139286,0.287181563144242,0.136263649575225
"chr1","rs4970837",109822008,43,191,0.789984204410514,1.09225146279849,0.628237769063411,0.836118174513271,0.575996677740864,1.0350855422218,0.0603672329819678,0.304659301384158,"G","T",0.00872252515912176,0.0120104720375445,0.0199260144811785,0.0234525574636446,0.0310139406560059,0.066097198823461
"chr1","rs7515901",109839896,156,22,0.939515698859191,1.4526482553591,0.337319172923301,0.883006644263893,5.56958638597671,0.754299488390398,0.956757045800061,0.491477034856099,"C","T",0.00716901766156764,0.0133297721666859,0.0322002616202424,0.0361753904176267,0.0216461013979364,0.0150776196975382
"chr1","rs4970748",109789347,285,50,0.823501357901122,1.60471828004659,0.00729332351751337,0.535324185142619,0.550169624865995,0.301309523809524,0.236945891874969,0.814826983664773,"T","A",0.00405214384497993,0.00342149646903494,0.011978315398904,0.0143019191145768,0.0831923296434087,0.0698819327102229
"chr1","rs605707",109834369,31,266,0.980919011894527,0.867131113984545,0.0744443400166259,0.537860094233477,1.33976225387516,0.796426795856201,0.390743324332689,0.812026642681028,"T","C",0.0189143899867931,0.0170668747498865,0.025462895394421,0.0252587792621113,0.0439826629709711,0.0500095020810298
"chr1","rs142364382",109862317,192,21,0.905892724420016,0.569979261539967,0.974863556288007,0.170108090697377,0.345726316868895,0.0512987012987013,0.576175299865425,0.592996187611956,"G","A",0.00832314549672858,0.0143399055648863,0.00923886377819422,0.0121104399082181,0.0932588728065162,0.0630232850917666
"chr1","rs10776804",109788453,102,137,1.82421567445083,0.872580662902888,0.00701463761974971,0.500467392033687,0.474478622671394,0.384346291438166,0.12232145757479,0.37687671338345,"A","T",0.00253541335689851,0.00518869485679226,0.00515439760354218,0.0076926079176522,0.0169604267330036,0.0113811531362662
"chr1","rs143497754",109861530,281,42,0.801739585001496,1.43226682239161,0.00976283688652127,0.350314821548154,0.548223683430673,1.53512690216649,0.76918132508575,0.0679217681982493,"G","A",0.0262579584493679,0.0608927955249819,0.047120268451981,0.0585347986796819,0.0393254439663654,0.0474302698038394
"chr1","rs584116",109775357,168,72,1.32793034646364,0.391283694778562,0.927676742927447,0.36554701033138,0.582404186851602,0.752816265859744,0.725763965247724,0.309048225826944,"C","G",0.0049336656777281,0.00583606407184673,0.0470823910466102,0.0447040721038807,0.0712352366809901,0.0262723691144455
"chr1","rs631627",109819616,12,202,0.184494960360924,0.801432508066573,0.759211047462675,0.484818546895716,0,0.338556933562045,0.298966839404059,0.979590304950565,"A","G",0.0192888455868901,0.0461391129809162,0.0421688336665688,0.0539233422882154,0.144471013710782,0.00830074595971863
"chr1","rs608511",109776170,60,22,0.875684545546713,0.296126843242228,0.793403972001916,0.837363173375421,0.650024196006051,0.738636363636364,0.238641306482321,0.810826137395943,"C","T",0.00676593302908162,0.00649241267764128,0.0174917903024623,0.0216225963672749,0.0336297813624982,0.00994695049555432
"chr1","rs4970836",109821797,14,101,0.227891156462585,0.426366527472,0.896259254707267,0.480634790927777,0,0.520051911017541,0.178272552714556,0.692871379087957,"G","A",0.00271934576796401,0.00299649399168596,0.0114520648524022,0.0134877167366769,0.0510588844746762,0.0317510256468135
"chr1","rs150938257",109828696,208,24,0.662731678308805,0.621529398063395,0.969717502009587,0.170337625956144,0.204678908753161,0.799065420560748,0.787185696526944,0.141368111511104,"C","T",0.00634563828071066,0.01097775157281,0.0133406374157219,0.0162795970243008,0.0299414101545441,0.0279208157854176
"chr1","rs684044",109836310,50,68,1.07570983844164,0.965722685510145,0.415708915576167,0.0200019766049577,0.854117991603298,0.971862309212053,0.667344852903525,0.834827378509306,"C","G",0.0187857649156344,0.0417431416842976,0.0203755954855712,0.0198588025297523,0.020614748155217,0.0551814083709519
"chr1","rs116573307",109834449,274,19,0.530356354842356,0.655102969688372,0.202497859928437,0.546487510235122,0.469661628815555,0.44765037593985,0.953217429788412,0.139709079792988,"C","T",0.00620389501714032,0.00451158479468409,0.0157075756210133,0.0226865249840387,0.0301112604863481,0.0453423782238648
"chr1","rs607087",109776532,66,31,1.75642307721147,0.628126662066678,0.965703272731599,0.667211509174914,0.888378776249561,0.317345942977079,0.688808089695516,0.794897540115215,"C","T",0.00325518327702279,0.0130906540335303,0.0134375068154671,0.0127992874950567,0.0237683883647691,0.0178927873331638
"chr1","rs1277930",109822143,51,252,1.23137713890222,1.63149103353319,0.834142652889338,0.572978790465729,2.14184679699386,1.78627782884161,0.958689182727615,0.813454914649776,"G","A",0.00219632044540824,0.00128441491845943,0.00421696420153151,0.00525323349816468,0.0285514964983016,0.0288432704683915
"chr1","rs651649",109832027,50,76,0.924145588710806,0.635870042412529,0.65892326535123,0.51869547444198,0.78836038961039,0.398145394841619,0.459766697372535,0.631393891219159,"G","A",0.00922480584237086,0.0205933786173686,0.0148984456957946,0.0181585913590356,0.0132050983887836,0.0254434153942047
"chr1","rs4970832",109776466,64,12,1.63516403723851,0.384568380492294,0.796820351535523,0.37243046207027,0.48663049827306,1.35416666666667,0.903014670115739,0.266173631983105,"C","T",0.0222826717534104,0.0156096312147123,0.0579594929870759,0.0741077896041941,0.0099159973349147,0.0550947407784436
"chr1","rs11102968",109836219,102,43,1.29487905569225,1.60750177117271,0.826901658018881,0.964700294952573,0.819389179306059,0.747235919905283,0.840602379980752,0.144324228720632,"G","A",0.0752493284287953,0.118795678769722,0.0658774132138267,0.12070089831588,0.0473787521573943,0.0287370803146144
"chr1","rs3902354",109819296,85,225,0.532638363487052,0.728845170129841,0.839021220573953,0.141432868666958,0.603228609625668,0.558724276125218,0.278032510258999,0.595402952584593,"C","A",0.029300385546295,0.0445592874253749,0.0219448740150164,0.0217811410085126,0.0412947629498549,0.0245499882672278
"chr1","rs61799433",109787981,231,31,0.364049827469308,0.507513253685038,0.970089300330943,0.638643425313736,0.414213830922731,1.22580413821183,0.515286791095705,0.43833226949443,"G","A",0.0159246357948279,0.019913727942179,0.0347992165824388,0.0392248936241125,0.0257689638872004,0.00874842116954266
"chr1","rs12081530",109783860,84,135,0.640822295218737,0.923747961258509,0.991958424158117,0.344165644002763,0.506658478756693,0.595679949689892,0.358701192339965,0.776268131567976,"G","A",0.00357842949448915,0.00748893336795104,0.0209971892059689,0.0302463006248056,0.0135340099467684,0.0309796220580334
"chr1","rs642581",109772918,27,194,0.395024985302763,0.804384113150318,0.448141739407975,0.130809786762021,0.816761505440751,1.2447627018033,0.645325803167104,0.635226193254877,"C","A",0.00311262355504832,0.00985495608749339,0.00547789873201713,0.00591238435739405,0.0399133169995088,0.0255782261970946
