"chr","SNP_ID","SNPabspos","ref.element.count","alt.element.count","k562.ref.mean","k562.alt.mean","k562.wilcox.p.value","k562.wilcox.p.value.random","hepg2.ref.mean","hepg2.alt.mean","hepg2.wilcox.p.value","hepg2.wilcox.p.value.random","ref","alt"
"chr5","rs10056572",1559341,205,117,0.511228426374167,11.3923597990901,2.03042100603293e-33,0.24008568155566,3.51372305884993,17.3907907520788,1.21841413359938e-30,0.954370578936594,"T","C"
"chr18","rs991512",68919785,190,131,59.1239287383429,3.08941858040999,7.22079682077405e-33,0.490163647914568,59.921719520552,3.35880313825049,7.51635561217752e-32,0.579878685887136,"C","G"
"chr14","rs7156067",89393045,197,258,8.94909217523915,1.00605938002744,2.90515655625734e-31,0.620427942941195,15.5670524309541,0.838566704425239,2.07322095130451e-35,0.805963987019469,"G","A"
"chr4","rs1605769",59436721,261,79,0.964128170122814,15.0866621358224,2.97755431028099e-31,0.420935215642107,1.42346966038237,15.0253506061304,2.48136528896338e-36,0.430313441666704,"T","C"
"chr14","rs1204985",72218104,286,83,23.5185049294307,1.3954844915564,1.81604287870519e-29,0.455413153962852,1.41281976425587,0.155172923564135,0.000552731793943985,0.983038530315419,"A","G"
"chr19","rs117788163",46743620,274,98,9.51590067553192,0.614874222744884,2.66043071555608e-29,0.121405054600085,18.1768432709079,2.02057981655373,1.71536848224421e-23,0.369520971052935,"C","G"
"chr22","rs5758951",43197034,199,97,1.02383457088726,30.5192388434971,6.86740910108913e-28,0.44324982372344,1.28020864202183,20.3622590231774,5.25894918100879e-21,0.158196330443035,"A","G"
"chr15","rs7495131",27035938,137,290,0.869050525834616,9.75353381892999,1.10881281740281e-27,0.337839255466306,0.33440177690117,0.358084387969448,0.0317615872652416,0.0721989784916872,"A","G"
"chr12","rs12302520",114064619,136,360,5.37256523822803,1.0791252761735,6.56057410860809e-27,0.858313232837653,11.9266269649891,0.978187400930245,4.99788344002057e-30,0.500654142718836,"G","A"
"chr14","rs8017153",101783156,276,103,1.34618772940612,11.4528653950092,8.2321499203945e-27,0.267041974101438,1.50406247659627,10.4597609695805,2.59274585640724e-20,0.946538114133546,"A","G"
"chr14","rs1957777",63577228,184,271,6.65467072487627,1.05633720294542,1.02686983436646e-26,0.664725012991412,7.67360297602044,1.1631565109498,1.91913810960959e-22,0.0803575743766721,"C","T"
"chr9","rs73551757",133272680,237,80,61.5783827705809,2.75452365686439,5.99965892093664e-26,0.314141422402632,96.4195098979379,1.68010199525586,6.92567488275658e-28,0.557389047531637,"G","A"
"chr4","rs74889148",49323176,183,494,4.50690662364152,21.5239196762328,6.51181904487973e-26,0.2409487800235,1.84460217237318,7.95835670462284,1.64409212966153e-10,0.884748328577253,"T","C"
"chr7","rs1858929",107328315,106,171,0.290812001901221,6.34246432749666,2.83680128717558e-25,0.298711251218304,0.902211286505894,10.566245912949,3.59774292775676e-18,0.0905706233699,"G","A"
"chr2","rs6732307",152470218,100,344,1.78966327666809,30.1693762062693,3.32710462938671e-25,0.728418558528832,1.2512049665117,35.0241936883916,3.83562166270494e-26,0.799016324903662,"T","C"
"chr2","rs332669",119496806,171,208,1.05515656759565,7.69302753959328,3.8403723242463e-25,0.0281776224823056,0.368726392008075,0.594219434330926,0.287059802361759,0.676556548606468,"G","T"
"chr19","rs12463108",20389378,265,86,1.08633601323395,9.44799635106235,9.66611769922721e-25,0.713091398182853,0.669621362512765,5.43464770096159,6.86160940168447e-17,0.443910822095537,"A","G"
"chr4","rs11737139",54349337,341,138,20.7912317138331,3.88717717829962,1.6257497939732e-24,0.475662832646016,34.3772966453122,5.23038947359072,1.54356193900265e-23,0.437575006428484,"G","C"
"chr7","rs1639945",140263109,225,199,2.66199439465681,13.1463456736507,2.3979478748425e-24,0.557269243124703,2.7064275454517,9.72823822734584,4.16266581671201e-12,0.2273460029021,"G","C"
"chr15","rs148668002",38221197,324,54,1.11788386882291,15.974195237798,2.44647679228442e-24,0.237326150792497,1.8929791590185,8.07099569822574,3.87354872263842e-10,0.824651123960482,"T","C"
"chr2","rs182822",119496814,168,201,1.00951292464998,7.59685720216475,2.4801802178954e-24,0.546632739407288,0.361637568953009,0.626342008906009,0.142619155635102,0.270545335156626,"T","C"
"chr7","rs1916027",150284035,187,119,1.75394134634281,16.0157149081628,3.41989526031169e-24,0.463064399942057,1.73370996403339,2.56356571763367,0.00029032291756407,0.479293409829661,"T","A"
"chr14","rs61122096",21193757,222,114,1.69208236029128,11.7669456797151,4.98066073635969e-24,0.140938760564892,0.59108745496268,0.91940487359079,0.0372264294967179,0.941786972186415,"C","T"
"chr8","rs59759655",89521982,255,79,0.768330860476208,8.66757064879505,5.99597034859032e-24,0.339630695102906,0.571724154159449,0.916783742605033,0.000866384608078376,0.866249905195024,"G","A"
"chr7","rs7784142",56243648,143,214,21.1751823162796,3.51069207463464,8.66370899130676e-24,0.635044657288981,15.3884624376881,1.70654823038421,5.99210173884175e-23,0.820076460822978,"C","T"
"chr2","rs565902955",91808571,722,663,1.4699675447671,4.42235547776396,8.92666052483093e-24,0.188023990244755,0.868263494245666,3.32737568303051,6.51765282677752e-20,0.888835110825574,"A","G"
"chr20","rs4814799",18806572,155,160,0.958540226433042,8.63980942066947,1.18083945776868e-23,0.623564406370519,2.46942988503616,3.30406438608903,0.111094730448542,0.287111080886324,"T","A"
"chr15","rs4923818",35185512,238,108,18.1045589890606,0.394016187811442,1.55393687709938e-23,0.907666249887782,29.895456910303,1.14440995532341,1.89284257274057e-22,0.752598114613249,"G","T"
"chr9","rs73653456",97050935,282,114,7.82950285520968,0.875869461337309,1.71869274722555e-23,0.562701847355873,6.69137673445075,1.63133780113911,2.76033371042839e-09,0.12294875377219,"G","A"
"chr4","rs78995987",147602907,245,129,1.39926551094113,11.7197668131674,2.00402639200678e-23,0.940117605275977,2.20541472494152,19.3881680719914,4.16838248818888e-24,0.700791937869053,"A","G"
"chr15","rs12899345",22986925,84,297,9.80037411149751,1.46947507910794,2.85409420438776e-23,0.936913610274883,16.3053311905646,2.34945601993575,2.51187093784869e-19,0.679931346283686,"C","T"
"chr6","rs443623",32996350,371,53,1.7914453559884,17.4109604054661,1.15022022920588e-22,0.281687761664916,0.594655628466112,1.43090266826688,0.000801174663817445,0.507659910180892,"A","T"
"chr3","rs60146234",166957814,356,90,1.47631680580795,13.0871871602748,2.55950637390244e-22,0.73551521429127,0.800588569517188,10.0767450374214,8.64433165571624e-26,0.377556902030935,"A","G"
"chr2","rs2349075",202223566,109,236,1.13649307011244,7.03496081908658,2.59701460778619e-22,0.999062398799256,1.19599552106342,10.4652033775036,1.72618831958621e-10,0.530139527662833,"A","G"
"chr7","rs1377374",158215647,182,134,15.3223292953148,3.12607202818712,2.77332467575083e-22,0.128771420183884,1.94359098099164,1.44233855953302,0.0283911198954393,0.778195253613631,"G","T"
"chr8","rs16912908",85396742,273,47,0.729664467048039,9.33402899595224,3.35311868238443e-22,0.427908197202044,0.391836402137818,16.7635726250641,2.07790915993387e-31,0.528979903218892,"G","T"
"chr4","rs1399241",54349307,206,280,4.16870418959384,23.8210847369909,3.39853544431216e-22,0.70513125434576,8.88698202410038,37.3572360314607,1.37497422204759e-18,0.33821236563604,"A","G"
"chr4","rs28550024",182547763,235,166,3.58207163188387,22.1447102027066,4.18504723390175e-22,0.184777487877667,7.19482529362994,20.1233326281944,1.49334818082497e-18,0.503776426852373,"A","G"
"chr16","rs12925824",55889889,124,184,2.96229800956433,26.727348050012,7.50904976756124e-22,0.965867415111935,5.29364639089918,45.5527873253792,2.01830082104168e-20,0.535265385509913,"T","C"
"chr9","rs73551756",133272661,240,75,59.1020420713038,2.44993663275758,7.67325247642633e-22,0.392287970091258,93.7736624694401,1.45605781787926,1.28755597123927e-23,0.251150021711263,"G","A"
"chr22","rs2330578",24022975,127,169,9.96267194880995,1.12212684807579,9.85180047266122e-22,0.151484923949875,2.00047877885608,0.570546505486577,0.000270495512080953,0.154051020453073,"A","T"
"chr12","rs12827804",97682501,210,99,2.92875061492106,20.6357413405609,1.05281893579356e-21,0.0239383885114846,1.12962395176506,14.5198123504124,2.93064086255635e-21,0.00663516052882397,"A","G"
"chr13","rs147117195",26504501,277,52,0.850555970118388,16.0245703347465,1.10935406342997e-21,0.749377123798114,1.00332280380078,8.31373654015317,1.05037316426138e-15,0.532319262380108,"C","T"
"chr15","rs1851307",24134369,104,228,1.04277531894019,10.017496197123,1.21774643734446e-21,0.949207694846643,0.896896614745153,11.2463279966281,1.13019987665771e-23,0.295481807619731,"A","G"
"chr3","rs150080959",66952292,258,154,18.0877199692423,4.17156142310347,1.22808114923707e-21,0.0670579648401722,23.7101111427682,1.36892656630985,1.4094156059934e-34,0.940930773133702,"C","T"
"chr9","rs7872857",20670573,129,265,12.8303709142967,2.66867206163204,1.22825424268938e-21,0.561708417814375,11.3742089407231,1.89130846358322,1.40341464540115e-18,0.170618040991802,"G","A"
"chr19","rs10409076",45057224,97,257,5.15785403868362,29.2523710824162,1.7218001834148e-21,0.523413283444499,0.831713883340628,1.82890329720996,0.432077316081802,0.283061480451075,"G","T"
"chr19","rs10415333",13586280,196,174,4.1151729699677,0.704479670347907,1.86835787567562e-21,0.258312614578522,9.1385345115461,1.15964676472928,1.13309391858588e-20,0.426838892137883,"C","T"
"chr3","rs12632163",172725143,372,58,24.1942804964633,1.34265451925761,3.59036383379695e-21,0.707251744956489,0.332895011866781,0.515474365588511,0.70740418615251,0.06278304943799,"A","G"
"chr4","rs10938319",43961148,174,172,6.54456825133443,1.14160020275553,5.3338203615394e-21,0.542920069455023,6.56591647598183,0.609286607775112,2.51118247029586e-14,0.173268537126016,"C","T"
"chr19","rs12972559",13586291,197,172,3.99682021453319,0.668422461117145,6.19226631950412e-21,0.938887019204939,9.041970430463,1.02166012490869,4.52661457704887e-21,0.706842891223396,"C","T"
"chr14","rs2153531",69762934,106,269,1.41559578984487,10.4408808454169,7.33804864003412e-21,0.420977787919843,0.646020252601912,9.29895820358587,1.67884416275312e-16,0.835979090395035,"T","C"
"chr3","rs3852061",186721820,251,83,0.728530203584019,11.6721686416252,7.8389782216819e-21,0.831690312373278,0.826146369088233,10.3342938763488,1.76402760738097e-18,0.971046662201853,"T","G"
"chr7","rs62466605",94392722,295,118,1.67216965566557,8.79660491381517,8.31154445524783e-21,0.461692697058936,2.23310414638359,15.2591997191872,1.75731239424737e-22,0.785908961046401,"C","A"
"chr12","rs73073006",26056741,265,66,0.884375015631667,9.15378902102717,1.03424816120552e-20,0.768516139908088,0.543400708511725,6.86434786975723,1.64757085984872e-17,0.967697796841757,"G","A"
"chr13","rs1475740",108843999,156,224,1.48252451588369,9.70885666733771,1.18815490555491e-20,0.695610685722745,4.42571410691388,10.7885675349273,1.5946737838797e-18,0.868730008648177,"T","C"
"chr3","rs5400",170732300,204,185,0.674451390308591,3.14694653033342,1.34564826353865e-20,0.498193636284396,0.419610374024299,2.17776598173068,1.73257802941436e-08,0.419123481693991,"G","A"
"chr12","rs10773052",124510406,174,80,2.19581236532791,20.6964698923396,1.40847856761453e-20,0.15698216007826,1.05135098299064,2.8485410904395,9.56792366546226e-05,0.238859050847145,"T","G"
"chr8","rs880033",119633194,54,217,15.5233641752731,1.46994004190599,1.46268655172795e-20,0.528053949045587,9.01073892744193,1.16120645368964,1.39789270146099e-17,0.133480138037514,"C","T"
"chr13","rs7329291",49573284,121,211,6.48880338352637,0.718144781392995,1.7210932729085e-20,0.743323056646016,9.04256618112536,4.42411616067288,1.08330074955795e-05,0.308051053911863,"G","A"
"chr17","rs12939076",78634810,163,148,1.09791630314872,9.34867758227459,1.90101264263476e-20,0.133961382117683,0.958538510217567,0.789010786530843,0.557507177574547,0.646662527031309,"C","A"
"chr8","rs400824",81357702,86,300,6.69941906750514,0.943507283732502,2.04401537670202e-20,0.97336044174202,4.66519788425198,0.540481280830573,1.12578680273461e-21,0.841250241666769,"C","T"
"chr10","rs1781800",79697087,274,94,1.03001426587388,5.99960942215256,2.06177913379345e-20,0.728838167143,1.27667320493306,3.58751931860556,7.28258389600123e-17,0.410420959107051,"A","G"
"chr11","rs7115896",31356899,149,181,7.85355915585511,0.720733878044268,2.16100194587175e-20,0.267223179123169,17.5145576022293,0.776701958352419,7.53341651493941e-28,0.195405090137887,"A","G"
"chr22","rs2350228",45395770,84,285,4.41570644345438,0.769878002138715,2.25469351075896e-20,0.737656611517828,6.03085282527362,13.5109534592811,0.0599437095333618,0.642107073891212,"C","T"
"chr9","rs10757741",2851381,122,278,1.0246329148986,5.80536249635601,2.52416387624158e-20,0.341575192468826,0.484889063020686,6.64181205590894,1.17251870305304e-16,0.0949594072843144,"T","C"
"chr1","rs6657320",19157909,108,145,1.12280762798595,16.044078107956,2.820131091345e-20,0.974915677267482,1.22833272599645,26.7089306081116,1.53535064437899e-21,0.650326832073277,"T","C"
"chr12","rs7303735",124636303,146,209,18.7635961197768,3.28237705025974,3.9561957847179e-20,0.985187112144399,9.52503695878901,6.12442400664862,3.00416302602062e-08,0.881250664782808,"C","T"
"chr6","rs12662316",159017855,115,240,24.0934936918222,3.77614317591662,3.97568756741337e-20,0.250955751326293,15.4412968785604,2.69796497750426,5.61958877955184e-16,0.405465039874752,"G","A"
"chr15","rs17235982",33660903,260,78,0.480819782889292,7.30783916934265,4.14574541545412e-20,0.0880263812171345,0.346629022412563,0.397312660209488,0.613664234985353,0.68000936445941,"G","A"
"chr6","rs2263342",57555347,391,532,4.19054757313017,12.6943940842541,4.74550139678859e-20,0.648569506508408,3.55534772429893,12.6925931729216,1.74001627429446e-24,0.766240017978029,"A","G"
"chr1","rs2793674",56757324,158,222,0.989905991828715,6.73540536531499,5.18813228067573e-20,0.334476361294475,1.59033986408572,1.87283364232525,0.504917025196887,0.530913107841065,"T","C"
"chr10","rs10904052",3554020,140,220,4.60435077565437,1.18088361005198,5.76079061618215e-20,0.811065086492415,6.86553352163054,0.94050663243681,7.54190066006993e-08,0.347909995512563,"T","G"
"chr3","rs61791891",197825863,148,158,12.1261308178916,39.1761339814211,6.06183234526798e-20,0.988612094664323,5.29623661715743,12.5053751768823,2.78267102486055e-10,0.986921268745383,"G","A"
"chr7","rs62451633",25254838,169,114,0.820839581571811,10.3629106708404,6.73244018083269e-20,0.355618254796794,0.889135060616954,2.62544807491301,0.00282900499515431,0.94653455826932,"A","C"
"chr4","rs636494",32262996,223,143,1.27645101832832,11.5205603263756,6.73308403717101e-20,0.932748585607632,1.28402184744563,0.900777081845374,0.691139893694347,0.0446759681426798,"G","T"
"chr7","rs12673563",91280470,177,79,0.474658270723622,3.39912288990655,6.85668190918076e-20,0.306603906136129,0.744939677522693,0.781499782364008,0.770395899724466,0.331555221138396,"C","T"
"chr8","rs3748136",9030160,200,46,1.75512802087731,31.8151682763882,7.45906080965791e-20,0.567339324118551,0.134833574416152,1.41866025828951,8.35478378417099e-09,0.375543032608634,"G","A"
"chr18","rs2186848",2035248,52,244,1.69479244396374,24.4311206707105,8.75407241085278e-20,0.74794561487131,0.931302062928305,5.23785841762777,1.18983711284015e-06,0.782482165453569,"A","G"
"chr11","rs7116006",31356904,149,182,7.74856624155774,0.759194151861028,1.08775256078349e-19,0.592222261084878,17.2877340585056,0.772434365174659,2.07658312479272e-27,0.602327039641341,"C","T"
"chr15","rs1841941",54185828,150,120,1.53674181153548,12.715916165542,1.33309468774903e-19,0.159890786872434,2.64954114721882,8.97324664287391,3.35758402914611e-08,0.427553111313776,"G","A"
"chr3","rs3864109",186721867,260,77,0.845259688392469,11.5851162238605,1.39244898743372e-19,0.125578551042889,1.13672638926132,11.9807679409019,3.54077696910485e-18,0.489349793196428,"A","G"
"chr4","rs6830311",29119834,156,186,7.25726490141594,37.1152039691431,1.76432137589392e-19,0.527677597199622,14.4314310709027,22.5192034456265,1.16883618061495e-05,0.383339763135061,"A","G"
"chr13","rs9558520",105923450,211,106,1.22244988653096,7.21973250015079,1.92387547503049e-19,0.605206315788876,1.99075094663796,6.75474562017513,9.78344481819616e-08,0.63634578231359,"T","C"
"chr21","rs2032312",35354212,238,109,15.6870362770473,2.20405511921054,2.28801879438399e-19,0.338179068570356,3.1829275558132,0.277252454246687,2.3734886641623e-10,0.817544555924166,"C","T"
"chr6","rs62416572",63083774,208,167,1.42638266857602,6.34140772218968,3.14103889090433e-19,0.359357263120531,1.2749601228229,6.50797172851008,3.07435313486886e-22,0.581878193996575,"A","G"
"chr2","rs6713869",75768357,171,148,9.42886678380326,0.93016148208821,3.8852618367596e-19,0.718441657149212,4.40574448419796,3.01214571362174,1.30640960814231e-11,0.832480567158694,"C","G"
"chr13","rs1854306",102351863,250,166,11.0879028153512,3.13158113209178,4.4569918571775e-19,0.8144401962148,14.0795588779283,3.95489353796883,2.23837597377555e-21,0.707566839706053,"C","G"
"chr16","rs6564554",78462251,308,58,18.9414965336223,0.985291990223614,5.08955992193244e-19,0.504609144069573,1.67445691433054,1.12151145589292,0.41754765065543,0.752706388702129,"A","C"
"chr2","rs6751743",86108218,177,263,3.09577346677267,15.7014335268484,5.63022897486327e-19,0.0428687790499545,1.93733686859546,25.1742127793848,9.52243980569006e-26,0.951349623589133,"T","C"
"chr10","rs12261208",106877986,300,100,1.01386821195696,4.15265066725528,7.01166244131697e-19,0.419985259072196,0.903244811253671,4.18575312477252,6.04898978506304e-11,0.888548580506541,"T","C"
"chr6","rs2395807",42163924,126,61,1.0857999429756,15.925069620753,9.06362311143864e-19,0.559584159066634,2.44766505084148,11.7967033006375,5.79412957867895e-13,0.949615482145229,"C","T"
"chr11","rs6589089",109665299,215,251,15.7796323905112,2.28272791290373,9.15219576912582e-19,0.377153324403915,11.5631061429164,2.57788945883538,1.5407088337343e-15,0.567160055035613,"G","A"
"chr5","rs1016666",134908402,205,160,0.678206182261044,5.08828228627608,9.39035478726583e-19,0.156699040215578,1.51924854894548,7.06111083442684,2.73455592899172e-21,0.68939050922904,"A","G"
"chr17","rs312676",68328772,69,290,19.1788256425961,2.28276308557398,1.04392316069346e-18,0.47072772723587,2.99481199188526,1.84645069654165,0.0829091462302399,0.00699764291218768,"C","T"
"chr2","rs1961526",132419119,239,139,1.63256922480817,8.39230375514529,1.0627252396306e-18,0.609582251002438,2.5859861710377,15.6005270515999,5.32136986338629e-20,0.434438753849169,"A","G"
"chr17","rs72864501",80992660,200,139,18.3479583220117,2.62562172152509,1.10065570598688e-18,0.130562446134543,15.7694249288739,1.98535807985595,8.42290443612167e-19,0.305492355217984,"A","C"
"chr16","rs2967126",57761711,193,120,0.771155209553909,8.92757153335823,1.12093054604562e-18,0.965564689724543,0.714480259691551,17.8851515043062,6.64688456615016e-31,0.610166219005362,"A","C"
"chr2","rs785206",191049454,416,67,14.6770929118238,0.821044394625506,1.2001542241085e-18,0.723085642557519,0.419775243748321,0.753149248241791,0.711890881602172,0.948133960114501,"T","C"
"chr8","rs34441904",72626185,369,62,18.6823939136017,1.9766718525441,1.39209064553967e-18,0.788136442052521,26.9799015431874,1.26604736077667,1.29810660946791e-16,0.710071775850941,"C","T"
